Title,Date
"The Electric State","3/21/25"
"American Murder: Gabby Petito: Burn After Reading","3/20/25"
"American Murder: Gabby Petito: Where is Gabby?","3/17/25"
"American Murder: Gabby Petito: We Bought a Van","3/17/25"
"Chaos: The Manson Murders","3/12/25"
"Zero Day: Limited Series: Episode 6","3/5/25"
"Zero Day: Limited Series: Episode 5","3/5/25"
"Zero Day: Limited Series: Episode 4","3/4/25"
"Zero Day: Limited Series: Episode 3","3/4/25"
"Zero Day: Limited Series: Episode 2","3/4/25"
"Zero Day: Limited Series: Episode 1","3/3/25"
"Better Than Us: Episode 7","3/3/25"
"Better Than Us: Episode 6","3/3/25"
"Better Than Us: Episode 5","2/27/25"
"Better Than Us: Episode 4","2/26/25"
"Better Than Us: Episode 3","2/25/25"
"Better Than Us: Episode 2","2/25/25"
"Better Than Us: Episode 1","2/24/25"
"Cassandra: Limited Series: Merry Christmas","2/24/25"
